Np, E/N
GS, -0.671552666(80)
1616, -0.6711820
5032, -0.6715465
13750, -0.6715520
34960, -0.67155249
146320, -0.671552603