Np, E/N
GS, -0.4969375(5)

ResNet1
146320, -0.496683

ResNet2
34944, -0.4967164
139008, -0.4967935

ResNet2 + LS
139008, -0.496883